Names,Series
co-sleeping,bed
at sleep,bed
before rest,bed
fussing,bed
reading,bed
sleepy,bed
loose pants,dressing
socks,dressing
struggling,dressing
sweater,dressing
putting on socks,dressing
underpants,dressing
daydreaming,living
hiding,living
lifting,living
naptime,living
playing,living
thinking,living
baccus,mueseum
dali,mueseum
fazin rajin,mueseum
pearl earring,mueseum
the source,mueseum
velaquez,mueseum
approving,work
good idea,work
group think,work
hurry,work
presenting,work
researching ,work
lotus,yoga
ship,yoga
should stand,yoga
tree,yoga
triangle,yoga
twist,yoga
